nome,sobrenome,email,genero,pais
Alan,Crawford,acrawford0@jiathis.com,Male,Indonesia
Lawrence,Gonzalez,lgonzalez1@apple.com,Male,Russia
Alice,Morales,amorales2@google.ca,Female,China
Antonio,Crawford,acrawford3@google.de,Male,Bahamas
Ashley,Taylor,ataylor4@instagram.com,Female,China
Kelly,Bishop,kbishop5@vimeo.com,Female,Belarus
Diane,Collins,dcollins6@amazon.de,Female,Russia
Amy,Nguyen,anguyen7@nydailynews.com,Female,Colombia
Brandon,Cook,bcook8@ebay.com,Male,China
Tina,Thomas,tthomas9@guardian.co.uk,Female,China
Marie,Wells,mwellsa@github.io,Female,New Zealand
Ruth,Williams,rwilliamsb@noaa.gov,Female,France
Martin,Moreno,mmorenoc@house.gov,Male,Brazil
Gary,Anderson,gandersond@soundcloud.com,Male,Sweden
Timothy,Freeman,tfreemane@tiny.cc,Male,Russia
Karen,Snyder,ksnyderf@auda.org.au,Female,Portugal
Frances,Wright,fwrightg@seattletimes.com,Female,Indonesia
Mark,Hanson,mhansonh@yahoo.co.jp,Male,Brazil
Howard,Ryan,hryani@hostgator.com,Male,Armenia
Rebecca,Fowler,rfowlerj@umn.edu,Female,Russia
John,Allen,jallenk@youku.com,Male,Russia
Phillip,Martin,pmartinl@craigslist.org,Male,Portugal
Amy,Cruz,acruzm@ucla.edu,Female,France
Patricia,Reid,preidn@unblog.fr,Female,Serbia
Ryan,Spencer,rspencero@nsw.gov.au,Male,United States
Joan,Griffin,jgriffinp@printfriendly.com,Female,Albania
Virginia,Green,vgreenq@europa.eu,Female,China
Todd,Burton,tburtonr@squidoo.com,Male,China
Debra,Gibson,dgibsons@tinyurl.com,Female,United States
Rose,Gonzales,rgonzalest@technorati.com,Female,Indonesia
Ann,Vasquez,avasquezu@aboutads.info,Female,Brazil
Julia,Ruiz,jruizv@si.edu,Female,Peru
Rachel,Price,rpricew@networkadvertising.org,Female,Brazil
Jeffrey,Howell,jhowellx@imageshack.us,Male,Vietnam
Christine,Bryant,cbryanty@ovh.net,Female,Philippines
Philip,Carter,pcarterz@uiuc.edu,Male,Greece
Helen,Little,hlittle10@goodreads.com,Female,Estonia
Earl,Richards,erichards11@marriott.com,Male,Canada
Paul,Bailey,pbailey12@over-blog.com,Male,Costa Rica
Juan,Johnston,jjohnston13@jimdo.com,Male,South Korea
Alice,Franklin,afranklin14@oakley.com,Female,Russia
Judy,Hughes,jhughes15@berkeley.edu,Female,China
Jean,Montgomery,jmontgomery16@ted.com,Female,China
Bobby,Griffin,bgriffin17@hhs.gov,Male,Nigeria
Craig,Murphy,cmurphy18@wikispaces.com,Male,Portugal
Martha,Butler,mbutler19@disqus.com,Female,Bulgaria
Walter,Hughes,whughes1a@yale.edu,Male,Sierra Leone
Ashley,Dean,adean1b@i2i.jp,Female,China
Christopher,Olson,colson1c@lulu.com,Male,China
Paula,Cook,pcook1d@apache.org,Female,Indonesia
Jesse,Nelson,jnelson1e@paginegialle.it,Male,France
Virginia,Ortiz,vortiz1f@github.io,Female,Norway
Wanda,Day,wday1g@skype.com,Female,China
Lori,Rogers,lrogers1h@ask.com,Female,Indonesia
Annie,Rose,arose1i@storify.com,Female,China
Anne,Payne,apayne1j@sbwire.com,Female,Palestinian Territory
William,Murphy,wmurphy1k@yellowpages.com,Male,South Africa
Ernest,Diaz,ediaz1l@cnbc.com,Male,Brazil
Harold,Parker,hparker1m@huffingtonpost.com,Male,Indonesia
Denise,Banks,dbanks1n@unicef.org,Female,Anguilla
Michelle,Chapman,mchapman1o@paginegialle.it,Female,Spain
Angela,Anderson,aanderson1p@themeforest.net,Female,Netherlands
Robert,Reed,rreed1q@chronoengine.com,Male,Indonesia
Janice,Webb,jwebb1r@nba.com,Female,China
Sara,Cooper,scooper1s@google.com,Female,Russia
Kathryn,Patterson,kpatterson1t@geocities.jp,Female,Russia
Maria,Ferguson,mferguson1u@ning.com,Female,Poland
Marilyn,Dunn,mdunn1v@fc2.com,Female,Vietnam
Billy,Knight,bknight1w@techcrunch.com,Male,Croatia
Lisa,Russell,lrussell1x@scientificamerican.com,Female,Philippines
Jennifer,Patterson,jpatterson1y@unc.edu,Female,Russia
Steven,Taylor,staylor1z@webnode.com,Male,China
Bruce,Lee,blee20@washington.edu,Male,Ukraine
Sandra,Wheeler,swheeler21@blinklist.com,Female,China
Jesse,Cooper,jcooper22@xrea.com,Male,China
Clarence,Lopez,clopez23@com.com,Male,Ukraine
Beverly,Turner,bturner24@mit.edu,Female,South Korea
Kenneth,Castillo,kcastillo25@reuters.com,Male,Russia
Carolyn,Morales,cmorales26@google.co.jp,Female,Brazil
Sean,Carr,scarr27@utexas.edu,Male,Netherlands
Phillip,Hamilton,phamilton28@umn.edu,Male,Russia
Jason,Morgan,jmorgan29@bluehost.com,Male,China
Virginia,Banks,vbanks2a@cisco.com,Female,Peru
John,Reid,jreid2b@theatlantic.com,Male,Russia
Debra,Welch,dwelch2c@examiner.com,Female,Honduras
Ruth,Ruiz,rruiz2d@dell.com,Female,China
Marilyn,Olson,molson2e@blog.com,Female,China
John,Fuller,jfuller2f@chronoengine.com,Male,China
Christopher,Garrett,cgarrett2g@google.com.br,Male,Nigeria
George,Montgomery,gmontgomery2h@si.edu,Male,China
Tammy,Cook,tcook2i@opera.com,Female,Philippines
Janice,Barnes,jbarnes2j@epa.gov,Female,Sweden
Kenneth,Martin,kmartin2k@yahoo.co.jp,Male,Ireland
Lillian,Martin,lmartin2l@house.gov,Female,Ethiopia
Helen,Edwards,hedwards2m@columbia.edu,Female,Indonesia
Janice,Nelson,jnelson2n@ameblo.jp,Female,France
Kevin,Coleman,kcoleman2o@yale.edu,Male,United States
Anthony,Hall,ahall2p@latimes.com,Male,Philippines
Mary,Gardner,mgardner2q@spotify.com,Female,Mexico
Carolyn,Kelley,ckelley2r@nhs.uk,Female,Russia
Ann,Williams,awilliams2s@cbslocal.com,Female,Norway
Brenda,Ramirez,bramirez2t@github.com,Female,Ukraine
Jennifer,Ellis,jellis2u@dailymail.co.uk,Female,Indonesia
Amanda,Thompson,athompson2v@infoseek.co.jp,Female,Indonesia
Victor,Shaw,vshaw2w@jiathis.com,Male,Mozambique
Peter,Montgomery,pmontgomery2x@oracle.com,Male,Indonesia
Nancy,Nguyen,nnguyen2y@unblog.fr,Female,China
Mary,Riley,mriley2z@home.pl,Female,Armenia
Phillip,Garza,pgarza30@blogtalkradio.com,Male,Philippines
Katherine,Reyes,kreyes31@illinois.edu,Female,Argentina
Daniel,Kennedy,dkennedy32@slate.com,Male,China
Kelly,Torres,ktorres33@cbsnews.com,Female,Ukraine
Kelly,Bradley,kbradley34@hud.gov,Female,Finland
Cynthia,Fowler,cfowler35@wsj.com,Female,Uzbekistan
Keith,Carroll,kcarroll36@qq.com,Male,United States
Nicholas,Chapman,nchapman37@yellowpages.com,Male,Portugal
Teresa,George,tgeorge38@cyberchimps.com,Female,United States
Kevin,Cruz,kcruz39@wiley.com,Male,China
Debra,Alvarez,dalvarez3a@histats.com,Female,France
Marilyn,Crawford,mcrawford3b@jugem.jp,Female,Indonesia
Barbara,Tucker,btucker3c@addtoany.com,Female,Nigeria
George,Stevens,gstevens3d@gizmodo.com,Male,Latvia
Jennifer,Pierce,jpierce3e@army.mil,Female,United States
Judy,Bell,jbell3f@tamu.edu,Female,China
Katherine,Day,kday3g@cbc.ca,Female,China
Gloria,Meyer,gmeyer3h@salon.com,Female,Philippines
Joshua,Hunt,jhunt3i@goo.gl,Male,Chile
Sarah,Thomas,sthomas3j@google.pl,Female,France
George,Jenkins,gjenkins3k@myspace.com,Male,Estonia
Ruby,Carr,rcarr3l@ca.gov,Female,Nigeria
Bruce,Richards,brichards3m@youku.com,Male,Finland
Wanda,Martin,wmartin3n@microsoft.com,Female,Indonesia
Todd,Ferguson,tferguson3o@comsenz.com,Male,Brazil
Billy,Wallace,bwallace3p@e-recht24.de,Male,Dominican Republic
Deborah,Lynch,dlynch3q@oakley.com,Female,Oman
Dennis,Wells,dwells3r@flavors.me,Male,Dominican Republic
Rebecca,Campbell,rcampbell3s@so-net.ne.jp,Female,China
Steven,Owens,sowens3t@spiegel.de,Male,Russia
Linda,Richardson,lrichardson3u@nba.com,Female,Indonesia
Judith,Wood,jwood3v@about.com,Female,China
Paula,Black,pblack3w@networksolutions.com,Female,Poland
Judith,Peterson,jpeterson3x@discovery.com,Female,Netherlands
David,Stewart,dstewart3y@webeden.co.uk,Male,Philippines
Sean,Vasquez,svasquez3z@squidoo.com,Male,Philippines
Gloria,Palmer,gpalmer40@nsw.gov.au,Female,South Korea
Walter,Moreno,wmoreno41@cmu.edu,Male,Greece
Brenda,Hanson,bhanson42@tiny.cc,Female,Indonesia
Randy,Marshall,rmarshall43@blogger.com,Male,China
Juan,Ross,jross44@icio.us,Male,United States
Jimmy,Garrett,jgarrett45@qq.com,Male,Georgia
Lawrence,Green,lgreen46@ca.gov,Male,Colombia
Karen,Long,klong47@fastcompany.com,Female,Russia
Jerry,Jones,jjones48@theguardian.com,Male,Poland
Douglas,Mitchell,dmitchell49@irs.gov,Male,Canada
Paul,Castillo,pcastillo4a@dagondesign.com,Male,Greece
Sean,Perez,sperez4b@theglobeandmail.com,Male,France
Charles,Bell,cbell4c@netvibes.com,Male,Finland
Jane,Richards,jrichards4d@printfriendly.com,Female,China
Wayne,Gonzalez,wgonzalez4e@prweb.com,Male,Indonesia
Robert,Williamson,rwilliamson4f@cisco.com,Male,Nigeria
Kelly,Gonzales,kgonzales4g@mayoclinic.com,Female,Philippines
Keith,Moreno,kmoreno4h@wikimedia.org,Male,Thailand
Gerald,Harvey,gharvey4i@globo.com,Male,China
Todd,Sims,tsims4j@tiny.cc,Male,Cameroon
Michael,Banks,mbanks4k@flavors.me,Male,Iran
Helen,Olson,holson4l@eepurl.com,Female,Poland
Joshua,Miller,jmiller4m@youku.com,Male,United Kingdom
Ronald,Morrison,rmorrison4n@sina.com.cn,Male,Indonesia
Carolyn,Campbell,ccampbell4o@mapy.cz,Female,Indonesia
Larry,Reynolds,lreynolds4p@feedburner.com,Male,Chile
Bobby,Bell,bbell4q@alibaba.com,Male,China
Jacqueline,Duncan,jduncan4r@symantec.com,Female,Honduras
Anthony,Russell,arussell4s@pen.io,Male,Philippines
Cheryl,Stevens,cstevens4t@imageshack.us,Female,Philippines
Joan,Burton,jburton4u@toplist.cz,Female,Portugal
Teresa,Bailey,tbailey4v@intel.com,Female,Lithuania
Julia,Morris,jmorris4w@privacy.gov.au,Female,Philippines
Douglas,Carr,dcarr4x@utexas.edu,Male,Armenia
Steven,James,sjames4y@cdc.gov,Male,China
Larry,Alexander,lalexander4z@zimbio.com,Male,United Kingdom
Brenda,Wilson,bwilson50@facebook.com,Female,Mexico
Fred,Russell,frussell51@timesonline.co.uk,Male,France
Roy,Warren,rwarren52@cargocollective.com,Male,Russia
Kelly,Wagner,kwagner53@drupal.org,Female,Indonesia
Katherine,Chavez,kchavez54@dell.com,Female,Indonesia
Kenneth,Baker,kbaker55@fc2.com,Male,Chile
Ruth,Hunter,rhunter56@intel.com,Female,Indonesia
Kathleen,Arnold,karnold57@edublogs.org,Female,Sweden
Carl,Nguyen,cnguyen58@cdbaby.com,Male,Indonesia
Louis,Campbell,lcampbell59@google.fr,Male,Ecuador
Kimberly,Johnson,kjohnson5a@kickstarter.com,Female,Malaysia
Angela,Turner,aturner5b@wunderground.com,Female,Czech Republic
Alice,Austin,aaustin5c@tripadvisor.com,Female,Indonesia
Louise,Fields,lfields5d@taobao.com,Female,Indonesia
Todd,Gray,tgray5e@apple.com,Male,Portugal
Rose,Green,rgreen5f@homestead.com,Female,Russia
Tina,Watkins,twatkins5g@eepurl.com,Female,Peru
Emily,Hudson,ehudson5h@ebay.co.uk,Female,France
Gregory,Wright,gwright5i@ezinearticles.com,Male,Philippines
Charles,Ward,cward5j@360.cn,Male,Indonesia
Jonathan,Pierce,jpierce5k@unc.edu,Male,China
Matthew,Torres,mtorres5l@harvard.edu,Male,China
Frank,Hicks,fhicks5m@reverbnation.com,Male,Russia
Jane,Hudson,jhudson5n@opera.com,Female,Ireland
Robert,Chapman,rchapman5o@plala.or.jp,Male,Mongolia
Brian,Flores,bflores5p@un.org,Male,France
Angela,Perez,aperez5q@elegantthemes.com,Female,China
Frank,Miller,fmiller5r@tripod.com,Male,Russia
Ashley,Garcia,agarcia5s@slashdot.org,Female,Russia
Pamela,Murphy,pmurphy5t@nationalgeographic.com,Female,Sweden
Carlos,Harrison,charrison5u@fotki.com,Male,China
Larry,Butler,lbutler5v@addtoany.com,Male,Russia
Roy,Mcdonald,rmcdonald5w@ebay.co.uk,Male,China
Mildred,Reid,mreid5x@ehow.com,Female,Brazil
Brandon,Armstrong,barmstrong5y@sphinn.com,Male,Sierra Leone
Brian,Allen,ballen5z@state.gov,Male,Brazil
Joseph,Moreno,jmoreno60@marriott.com,Male,Canada
Patrick,Frazier,pfrazier61@blogspot.com,Male,Indonesia
Wanda,Mills,wmills62@usatoday.com,Female,Vietnam
Raymond,Scott,rscott63@wisc.edu,Male,Philippines
Laura,Perez,lperez64@dell.com,Female,Kazakhstan
Sara,Mitchell,smitchell65@photobucket.com,Female,Venezuela
Patrick,Henderson,phenderson66@netscape.com,Male,Philippines
Teresa,Gordon,tgordon67@freewebs.com,Female,Ethiopia
Beverly,Washington,bwashington68@indiatimes.com,Female,China
Diane,Chavez,dchavez69@mayoclinic.com,Female,Malaysia
Karen,Harrison,kharrison6a@home.pl,Female,Brazil
Roy,Andrews,randrews6b@about.com,Male,Bolivia
Raymond,Willis,rwillis6c@chron.com,Male,Thailand
Dennis,Richards,drichards6d@moonfruit.com,Male,Brazil
Maria,Hall,mhall6e@mail.ru,Female,Japan
Dennis,Harrison,dharrison6f@nifty.com,Male,Indonesia
Jeremy,Johnson,jjohnson6g@bloglines.com,Male,China
Juan,Nelson,jnelson6h@tripod.com,Male,Philippines
Margaret,Snyder,msnyder6i@facebook.com,Female,Egypt
Brian,Miller,bmiller6j@netvibes.com,Male,Czech Republic
Bonnie,Dunn,bdunn6k@goo.ne.jp,Female,China
Elizabeth,Flores,eflores6l@goodreads.com,Female,China
Kathleen,Porter,kporter6m@qq.com,Female,Japan
Steven,Peters,speters6n@list-manage.com,Male,Croatia
Mark,Butler,mbutler6o@dailymail.co.uk,Male,Pakistan
Harry,Garrett,hgarrett6p@ibm.com,Male,Indonesia
Philip,Price,pprice6q@sakura.ne.jp,Male,Greece
Denise,Rose,drose6r@census.gov,Female,Indonesia
Robin,Patterson,rpatterson6s@aboutads.info,Female,Finland
Frances,Bennett,fbennett6t@squidoo.com,Female,Togo
Jean,George,jgeorge6u@blogs.com,Female,Brazil
Virginia,Webb,vwebb6v@squarespace.com,Female,Peru
Phillip,Meyer,pmeyer6w@spiegel.de,Male,Japan
Arthur,Taylor,ataylor6x@weather.com,Male,Belize
Maria,Torres,mtorres6y@indiatimes.com,Female,China
Janice,Harvey,jharvey6z@virginia.edu,Female,Indonesia
James,Howell,jhowell70@samsung.com,Male,Philippines
Harold,Mitchell,hmitchell71@adobe.com,Male,Iceland
Donald,Jordan,djordan72@amazon.com,Male,Philippines
Gregory,Chapman,gchapman73@squidoo.com,Male,Philippines
Earl,Adams,eadams74@smugmug.com,Male,Finland
Linda,Medina,lmedina75@redcross.org,Female,Philippines
James,Spencer,jspencer76@epa.gov,Male,Czech Republic
Brian,Hamilton,bhamilton77@youtu.be,Male,Vietnam
Andrea,Stevens,astevens78@oracle.com,Female,China
Stephen,Robertson,srobertson79@yellowbook.com,Male,Brazil
Margaret,Bennett,mbennett7a@reference.com,Female,Philippines
Irene,Day,iday7b@cyberchimps.com,Female,Mexico
Raymond,Willis,rwillis7c@linkedin.com,Male,Egypt
Jesse,Rodriguez,jrodriguez7d@goo.gl,Male,Sierra Leone
Sara,Garcia,sgarcia7e@epa.gov,Female,China
Barbara,Shaw,bshaw7f@economist.com,Female,Brazil
Roger,Ryan,rryan7g@topsy.com,Male,Thailand
Catherine,Chavez,cchavez7h@w3.org,Female,Guatemala
Kathy,Ramos,kramos7i@slate.com,Female,Nicaragua
Beverly,Fisher,bfisher7j@icq.com,Female,China
Benjamin,Sanders,bsanders7k@slideshare.net,Male,Czech Republic
Brenda,Gibson,bgibson7l@macromedia.com,Female,China
Debra,West,dwest7m@webnode.com,Female,Greece
Marie,Duncan,mduncan7n@umich.edu,Female,Madagascar
Laura,Cole,lcole7o@pinterest.com,Female,China
Craig,Marshall,cmarshall7p@businessinsider.com,Male,Indonesia
Justin,Bryant,jbryant7q@a8.net,Male,China
Earl,Harris,eharris7r@prweb.com,Male,Brazil
Doris,Day,dday7s@springer.com,Female,Indonesia
Lisa,Stevens,lstevens7t@soup.io,Female,Republic of the Congo
Paul,Baker,pbaker7u@time.com,Male,Philippines
Terry,Williams,twilliams7v@tamu.edu,Male,Netherlands
Norma,Russell,nrussell7w@shop-pro.jp,Female,Sweden
Dorothy,Dunn,ddunn7x@sun.com,Female,China
Linda,Weaver,lweaver7y@nydailynews.com,Female,China
Johnny,Ray,jray7z@webmd.com,Male,Vietnam
Lawrence,Taylor,ltaylor80@indiatimes.com,Male,China
Sandra,Gonzalez,sgonzalez81@sohu.com,Female,Colombia
Katherine,Howard,khoward82@topsy.com,Female,Palestinian Territory
Theresa,Brown,tbrown83@is.gd,Female,Sweden
Jennifer,Peters,jpeters84@mozilla.org,Female,Brazil
Lisa,Wright,lwright85@tinyurl.com,Female,Mali
Johnny,Hart,jhart86@youtube.com,Male,Brazil
Stephanie,Powell,spowell87@nymag.com,Female,Sweden
Julie,Rodriguez,jrodriguez88@xrea.com,Female,Poland
Deborah,Perry,dperry89@unicef.org,Female,Indonesia
Phyllis,Arnold,parnold8a@businessweek.com,Female,Indonesia
Kathryn,Carr,kcarr8b@marriott.com,Female,China
Roger,Woods,rwoods8c@mtv.com,Male,Honduras
Ryan,Frazier,rfrazier8d@npr.org,Male,Indonesia
Douglas,Howard,dhoward8e@ucoz.com,Male,Indonesia
Harry,Pierce,hpierce8f@pbs.org,Male,Indonesia
Sandra,Mccoy,smccoy8g@paginegialle.it,Female,Japan
Susan,Johnston,sjohnston8h@sogou.com,Female,Slovenia
Kevin,Richards,krichards8i@youtu.be,Male,Portugal
Jonathan,Brown,jbrown8j@ebay.com,Male,Thailand
Howard,Crawford,hcrawford8k@godaddy.com,Male,Netherlands
Christopher,Elliott,celliott8l@cloudflare.com,Male,Russia
Anna,Ortiz,aortiz8m@squidoo.com,Female,Cuba
Ryan,Fernandez,rfernandez8n@liveinternet.ru,Male,Ukraine
Harold,Warren,hwarren8o@storify.com,Male,San Marino
Mildred,Burke,mburke8p@ed.gov,Female,China
Roger,Medina,rmedina8q@icio.us,Male,Russia
Victor,Ruiz,vruiz8r@irs.gov,Male,Russia
Alan,Carr,acarr8s@fc2.com,Male,Philippines
Sarah,Burke,sburke8t@ebay.co.uk,Female,Canada
Tina,Medina,tmedina8u@cbsnews.com,Female,China
Marie,Oliver,moliver8v@digg.com,Female,Russia
Paul,Ortiz,portiz8w@soundcloud.com,Male,South Africa
Mark,Bailey,mbailey8x@de.vu,Male,China
Andrew,Murphy,amurphy8y@illinois.edu,Male,Indonesia
Pamela,Smith,psmith8z@craigslist.org,Female,Italy
Rose,Medina,rmedina90@google.nl,Female,Brazil
Sarah,Ross,sross91@amazon.de,Female,China
Gary,Olson,golson92@posterous.com,Male,Ireland
Kathryn,Young,kyoung93@who.int,Female,Myanmar
Michelle,Woods,mwoods94@cbc.ca,Female,Portugal
Jose,Rivera,jrivera95@guardian.co.uk,Male,Brazil
Steve,Rivera,srivera96@artisteer.com,Male,Mexico
Robert,Dean,rdean97@studiopress.com,Male,Philippines
Brian,Jones,bjones98@g.co,Male,Brazil
Jessica,Parker,jparker99@cornell.edu,Female,Cameroon
Matthew,Turner,mturner9a@parallels.com,Male,China
Jason,Perry,jperry9b@i2i.jp,Male,France
Chris,Flores,cflores9c@cocolog-nifty.com,Male,China
Bonnie,Gray,bgray9d@blogger.com,Female,China
Russell,Castillo,rcastillo9e@devhub.com,Male,Philippines
Cynthia,Allen,callen9f@uol.com.br,Female,Monaco
Theresa,Scott,tscott9g@linkedin.com,Female,China
Janet,Ward,jward9h@patch.com,Female,Brazil
Ashley,Robinson,arobinson9i@macromedia.com,Female,China
Joseph,Cooper,jcooper9j@cnet.com,Male,Indonesia
Janice,Smith,jsmith9k@irs.gov,Female,Portugal
Barbara,Sullivan,bsullivan9l@patch.com,Female,Argentina
Jean,Arnold,jarnold9m@go.com,Female,Philippines
Randy,Alexander,ralexander9n@hao123.com,Male,Brazil
Ryan,Gonzales,rgonzales9o@behance.net,Male,Russia
Shawn,Burns,sburns9p@blogger.com,Male,Indonesia
Carl,Hayes,chayes9q@reddit.com,Male,France
Daniel,Ramirez,dramirez9r@census.gov,Male,China
Lawrence,Bradley,lbradley9s@apache.org,Male,Russia
Shirley,Oliver,soliver9t@netlog.com,Female,Chad
Frank,Lynch,flynch9u@infoseek.co.jp,Male,Nigeria
Mary,Wallace,mwallace9v@sourceforge.net,Female,China
Debra,Boyd,dboyd9w@people.com.cn,Female,Brazil
Jeremy,Gilbert,jgilbert9x@lulu.com,Male,Canada
Anna,King,aking9y@squarespace.com,Female,Indonesia
Ann,Martin,amartin9z@taobao.com,Female,China
Maria,Elliott,melliotta0@ovh.net,Female,Ukraine
Sean,Hall,shalla1@ocn.ne.jp,Male,Finland
Scott,Jones,sjonesa2@timesonline.co.uk,Male,China
Frances,Palmer,fpalmera3@prweb.com,Female,Portugal
Joe,Owens,jowensa4@nasa.gov,Male,Portugal
Lori,Powell,lpowella5@jiathis.com,Female,Belarus
Jennifer,Willis,jwillisa6@vistaprint.com,Female,France
Debra,Ramos,dramosa7@furl.net,Female,Poland
Alan,Garcia,agarciaa8@joomla.org,Male,United States
Stephanie,Powell,spowella9@bluehost.com,Female,China
Tina,Fernandez,tfernandezaa@independent.co.uk,Female,Russia
Carlos,Gray,cgrayab@so-net.ne.jp,Male,France
Roger,Powell,rpowellac@wikispaces.com,Male,Syria
Aaron,Green,agreenad@bloomberg.com,Male,Russia
Albert,Torres,atorresae@shareasale.com,Male,Colombia
Jacqueline,Wright,jwrightaf@tumblr.com,Female,Russia
Mark,Mendoza,mmendozaag@creativecommons.org,Male,Central African Republic
Paula,Adams,padamsah@themeforest.net,Female,Ukraine
Diane,Brooks,dbrooksai@naver.com,Female,China
Chris,Mitchell,cmitchellaj@devhub.com,Male,Indonesia
Stephanie,Bishop,sbishopak@cam.ac.uk,Female,Greece
Phillip,Gordon,pgordonal@youku.com,Male,Nigeria
Sarah,Stone,sstoneam@berkeley.edu,Female,Philippines
Stephen,Gonzales,sgonzalesan@vistaprint.com,Male,Poland
Donna,Gordon,dgordonao@elegantthemes.com,Female,Poland
Matthew,Stanley,mstanleyap@ebay.com,Male,China
Timothy,Mills,tmillsaq@cloudflare.com,Male,Indonesia
Jose,Stevens,jstevensar@dailymail.co.uk,Male,Georgia
Emily,Cox,ecoxas@stanford.edu,Female,Kazakhstan
Joseph,Kim,jkimat@smh.com.au,Male,China
Sharon,Lawrence,slawrenceau@example.com,Female,Indonesia
Ernest,Arnold,earnoldav@linkedin.com,Male,Poland
Mary,Graham,mgrahamaw@purevolume.com,Female,Somalia
Patrick,Edwards,pedwardsax@japanpost.jp,Male,Vietnam
Diane,Richards,drichardsay@state.gov,Female,China
Terry,Gonzales,tgonzalesaz@reddit.com,Male,Indonesia
Larry,Gutierrez,lgutierrezb0@telegraph.co.uk,Male,Colombia
Frank,Hayes,fhayesb1@linkedin.com,Male,Poland
Mark,Flores,mfloresb2@usatoday.com,Male,Indonesia
Frank,Fox,ffoxb3@google.com.br,Male,Indonesia
Ann,Hunter,ahunterb4@buzzfeed.com,Female,Sweden
Amy,Edwards,aedwardsb5@odnoklassniki.ru,Female,China
Steve,Jones,sjonesb6@unblog.fr,Male,China
Henry,Morgan,hmorganb7@naver.com,Male,Ukraine
Denise,Wheeler,dwheelerb8@vk.com,Female,Philippines
Timothy,Russell,trussellb9@scientificamerican.com,Male,China
Amanda,Murphy,amurphyba@squarespace.com,Female,Mexico
Steve,Porter,sporterbb@goo.gl,Male,Czech Republic
Billy,Hart,bhartbc@weather.com,Male,China
John,Jordan,jjordanbd@admin.ch,Male,China
Albert,Porter,aporterbe@arstechnica.com,Male,Philippines
Carol,Henry,chenrybf@networksolutions.com,Female,Albania
Robin,Medina,rmedinabg@mayoclinic.com,Female,Malaysia
Diane,Grant,dgrantbh@archive.org,Female,Japan
Judith,Adams,jadamsbi@stanford.edu,Female,Canada
Robert,Harper,rharperbj@uiuc.edu,Male,Netherlands
James,Hunt,jhuntbk@europa.eu,Male,Portugal
Robert,Nguyen,rnguyenbl@dropbox.com,Male,Thailand
Jose,Wheeler,jwheelerbm@yolasite.com,Male,Bulgaria
Bruce,Boyd,bboydbn@intel.com,Male,Portugal
Robert,Adams,radamsbo@gizmodo.com,Male,Czech Republic
Steven,Mccoy,smccoybp@washingtonpost.com,Male,Indonesia
Louise,Clark,lclarkbq@state.gov,Female,Palestinian Territory
Timothy,George,tgeorgebr@ask.com,Male,Indonesia
Judy,Spencer,jspencerbs@chronoengine.com,Female,Brazil
Phillip,Wagner,pwagnerbt@youtu.be,Male,Portugal
Sean,Peterson,spetersonbu@google.pl,Male,Peru
Ann,Payne,apaynebv@flavors.me,Female,Mongolia
Jason,Andrews,jandrewsbw@earthlink.net,Male,China
Joe,Fields,jfieldsbx@meetup.com,Male,China
Julie,Snyder,jsnyderby@vinaora.com,Female,Philippines
Dorothy,Thompson,dthompsonbz@prnewswire.com,Female,South Korea
Steve,Medina,smedinac0@smugmug.com,Male,China
Adam,Bryant,abryantc1@liveinternet.ru,Male,China
Stephanie,Fuller,sfullerc2@eepurl.com,Female,China
Joan,Greene,jgreenec3@reddit.com,Female,Bosnia and Herzegovina
Wanda,Stone,wstonec4@csmonitor.com,Female,Indonesia
Roger,Garrett,rgarrettc5@nbcnews.com,Male,Ireland
Andrea,Simmons,asimmonsc6@ning.com,Female,Guatemala
Lois,Schmidt,lschmidtc7@twitter.com,Female,Indonesia
Phyllis,Phillips,pphillipsc8@sciencedaily.com,Female,Sweden
Richard,Woods,rwoodsc9@vinaora.com,Male,Sweden
Craig,Schmidt,cschmidtca@1688.com,Male,Indonesia
Melissa,Moore,mmoorecb@google.es,Female,Nigeria
Carol,Crawford,ccrawfordcc@europa.eu,Female,China
Jacqueline,Ward,jwardcd@163.com,Female,Thailand
Paul,Nelson,pnelsonce@google.com.au,Male,Portugal
Harry,Peterson,hpetersoncf@nifty.com,Male,Poland
Bonnie,Bryant,bbryantcg@dedecms.com,Female,France
Amanda,Ward,awardch@ask.com,Female,Sweden
Susan,Carroll,scarrollci@hc360.com,Female,Greece
Wanda,Wood,wwoodcj@skyrock.com,Female,Palestinian Territory
Antonio,George,ageorgeck@imgur.com,Male,Indonesia
Justin,Rice,jricecl@latimes.com,Male,China
Peter,Rivera,priveracm@techcrunch.com,Male,Norway
Jacqueline,Fowler,jfowlercn@senate.gov,Female,South Korea
Michelle,Payne,mpayneco@freewebs.com,Female,Venezuela
Paula,Kelley,pkelleycp@smugmug.com,Female,Ukraine
Ryan,Mills,rmillscq@virginia.edu,Male,Brazil
Albert,Mendoza,amendozacr@pcworld.com,Male,China
Annie,Myers,amyerscs@blogspot.com,Female,Sweden
Beverly,Miller,bmillerct@netvibes.com,Female,Albania
Sharon,Dean,sdeancu@nytimes.com,Female,China
Shirley,Reyes,sreyescv@state.tx.us,Female,Peru
Michael,Nguyen,mnguyencw@pbs.org,Male,United States
Eugene,Chapman,echapmancx@dmoz.org,Male,Russia
Janet,Carroll,jcarrollcy@princeton.edu,Female,Finland
Shawn,Bowman,sbowmancz@ucsd.edu,Male,Poland
Sara,Woods,swoodsd0@va.gov,Female,Zimbabwe
Harry,White,hwhited1@spotify.com,Male,China
Samuel,Carroll,scarrolld2@kickstarter.com,Male,China
Rebecca,Ortiz,rortizd3@behance.net,Female,Italy
Victor,Ferguson,vfergusond4@mozilla.com,Male,Nigeria
Marie,Sanchez,msanchezd5@youtube.com,Female,Madagascar
Amanda,Fuller,afullerd6@webs.com,Female,China
Louis,James,ljamesd7@apple.com,Male,Syria
Billy,Wilson,bwilsond8@ibm.com,Male,Portugal
Diana,Morrison,dmorrisond9@ovh.net,Female,China
Virginia,Chapman,vchapmanda@weather.com,Female,Peru
Christine,Coleman,ccolemandb@cnbc.com,Female,Russia
Victor,Wallace,vwallacedc@feedburner.com,Male,France
Katherine,Hunt,khuntdd@plala.or.jp,Female,Georgia
Frances,Hudson,fhudsonde@xinhuanet.com,Female,Tunisia
Lillian,Moreno,lmorenodf@chicagotribune.com,Female,Russia
Julia,Alvarez,jalvarezdg@nyu.edu,Female,Portugal
Wanda,Ryan,wryandh@last.fm,Female,Peru
Dorothy,Carpenter,dcarpenterdi@newyorker.com,Female,Greece
Gregory,Cox,gcoxdj@ning.com,Male,Poland
Teresa,Jordan,tjordandk@spotify.com,Female,Canada
Gregory,Chavez,gchavezdl@mediafire.com,Male,Slovenia
Juan,Reyes,jreyesdm@disqus.com,Male,China
Joseph,Hansen,jhansendn@bravesites.com,Male,Armenia
Roger,Brown,rbrowndo@w3.org,Male,Azerbaijan
Brandon,Carter,bcarterdp@histats.com,Male,Philippines
Carol,Ford,cforddq@yale.edu,Female,China
Robert,Bailey,rbaileydr@clickbank.net,Male,Colombia
Sharon,Campbell,scampbellds@lycos.com,Female,Japan
Joan,Fox,jfoxdt@cbsnews.com,Female,Philippines
Martha,Morrison,mmorrisondu@godaddy.com,Female,Finland
Louise,Nelson,lnelsondv@chronoengine.com,Female,Kazakhstan
Linda,Hill,lhilldw@nba.com,Female,Philippines
Pamela,Barnes,pbarnesdx@bbb.org,Female,China
Arthur,Patterson,apattersondy@ucoz.ru,Male,Canada
Lillian,Phillips,lphillipsdz@sina.com.cn,Female,Malaysia
Earl,Burton,eburtone0@cbsnews.com,Male,Germany
Amy,Moore,amooree1@walmart.com,Female,Ukraine
Christina,Lawrence,clawrencee2@usatoday.com,Female,Poland
Kelly,Kelly,kkellye3@cloudflare.com,Female,Philippines
Margaret,Perez,mpereze4@sina.com.cn,Female,China
Janet,Cook,jcooke5@tuttocitta.it,Female,Indonesia
Roger,Hunter,rhuntere6@qq.com,Male,Indonesia
Cynthia,Alexander,calexandere7@kickstarter.com,Female,Luxembourg
Michelle,Daniels,mdanielse8@bbb.org,Female,Czech Republic
Ryan,Grant,rgrante9@imageshack.us,Male,Russia
Elizabeth,Cruz,ecruzea@google.nl,Female,Afghanistan
Sara,Harvey,sharveyeb@bloglines.com,Female,South Africa
Sarah,Banks,sbanksec@state.gov,Female,United States
Walter,Rivera,wriveraed@washingtonpost.com,Male,Russia
Jose,Gonzalez,jgonzalezee@issuu.com,Male,Russia
Steve,Holmes,sholmesef@amazon.co.jp,Male,Philippines
Earl,Russell,erusselleg@bandcamp.com,Male,Indonesia
Judy,Jackson,jjacksoneh@google.fr,Female,Indonesia
Betty,Russell,brussellei@hhs.gov,Female,Serbia
Matthew,Wheeler,mwheelerej@wix.com,Male,Uruguay
Joseph,Young,jyoungek@nasa.gov,Male,United States
Eugene,Chapman,echapmanel@vinaora.com,Male,Indonesia
Terry,Hawkins,thawkinsem@fda.gov,Male,Brazil
Marie,Edwards,medwardsen@com.com,Female,Indonesia
Ronald,Boyd,rboydeo@blogtalkradio.com,Male,Colombia
Ruby,Allen,rallenep@arstechnica.com,Female,Indonesia
Harry,Kelley,hkelleyeq@gnu.org,Male,China
Judith,Wood,jwooder@angelfire.com,Female,Argentina
Kevin,Vasquez,kvasquezes@aboutads.info,Male,China
Julie,Ramos,jramoset@clickbank.net,Female,Syria
Stephanie,Porter,sportereu@networkadvertising.org,Female,France
Catherine,Stephens,cstephensev@eventbrite.com,Female,Pakistan
Christine,Carpenter,ccarpenterew@si.edu,Female,Sierra Leone
Fred,Green,fgreenex@earthlink.net,Male,Japan
Brandon,Riley,brileyey@indiatimes.com,Male,China
Lori,Fields,lfieldsez@youku.com,Female,Indonesia
Andrew,Phillips,aphillipsf0@ocn.ne.jp,Male,Ukraine
Emily,Mcdonald,emcdonaldf1@google.it,Female,Japan
James,Kim,jkimf2@tiny.cc,Male,China
Christopher,Nelson,cnelsonf3@sina.com.cn,Male,Poland
Debra,Moore,dmooref4@google.it,Female,Nicaragua
Brian,Allen,ballenf5@dell.com,Male,Thailand
Shawn,Franklin,sfranklinf6@tripadvisor.com,Male,China
Scott,Tucker,stuckerf7@cdbaby.com,Male,Bolivia
James,Moreno,jmorenof8@berkeley.edu,Male,Germany
Helen,Wood,hwoodf9@altervista.org,Female,Brunei
Cynthia,Burton,cburtonfa@usnews.com,Female,Mali
Patricia,Reid,preidfb@sitemeter.com,Female,Nicaragua
Cheryl,Medina,cmedinafc@comcast.net,Female,China
Jeremy,Morrison,jmorrisonfd@google.ru,Male,China
Chris,Robinson,crobinsonfe@nyu.edu,Male,Philippines
Craig,Welch,cwelchff@de.vu,Male,China
Judy,Reid,jreidfg@bloglovin.com,Female,Russia
Joe,Harper,jharperfh@parallels.com,Male,Russia
Antonio,Peterson,apetersonfi@indiegogo.com,Male,Peru
Louis,Castillo,lcastillofj@utexas.edu,Male,Indonesia
Lori,Sanders,lsandersfk@china.com.cn,Female,Brazil
Betty,Carter,bcarterfl@so-net.ne.jp,Female,Bulgaria
Nancy,Jackson,njacksonfm@hubpages.com,Female,Japan
Shawn,Rogers,srogersfn@photobucket.com,Male,Indonesia
Larry,Howard,lhowardfo@yelp.com,Male,Philippines
Katherine,Phillips,kphillipsfp@ebay.com,Female,Philippines
Jeremy,Hicks,jhicksfq@blinklist.com,Male,Brazil
Gerald,George,ggeorgefr@apple.com,Male,Paraguay
Catherine,Bowman,cbowmanfs@plala.or.jp,Female,Colombia
Lillian,Carter,lcarterft@technorati.com,Female,Portugal
Jimmy,Ruiz,jruizfu@naver.com,Male,Poland
Steven,Long,slongfv@zdnet.com,Male,France
Andrea,Frazier,afrazierfw@shop-pro.jp,Female,China
David,Ray,drayfx@shutterfly.com,Male,Portugal
Joan,Pierce,jpiercefy@oakley.com,Female,Ukraine
Norma,Cook,ncookfz@netlog.com,Female,Thailand
Emily,Ray,erayg0@chronoengine.com,Female,China
Steve,Flores,sfloresg1@cbslocal.com,Male,Kosovo
Sarah,Rodriguez,srodriguezg2@state.gov,Female,Syria
Karen,Bradley,kbradleyg3@ezinearticles.com,Female,Hong Kong
Kathleen,Brown,kbrowng4@mozilla.com,Female,Malawi
Carolyn,Martinez,cmartinezg5@auda.org.au,Female,Central African Republic
Carolyn,Martin,cmarting6@biblegateway.com,Female,Brazil
Timothy,Hunter,thunterg7@ucla.edu,Male,France
Rose,Burns,rburnsg8@merriam-webster.com,Female,China
Alice,Richardson,arichardsong9@lulu.com,Female,United States
Aaron,Chavez,achavezga@photobucket.com,Male,Ghana
Kathryn,Dixon,kdixongb@quantcast.com,Female,Russia
Judith,Chavez,jchavezgc@virginia.edu,Female,Russia
Theresa,Martinez,tmartinezgd@surveymonkey.com,Female,New Zealand
Victor,Lee,vleege@creativecommons.org,Male,Croatia
Bobby,West,bwestgf@oaic.gov.au,Male,United States
Ruby,Henry,rhenrygg@cargocollective.com,Female,Argentina
Victor,Rivera,vriveragh@blogger.com,Male,Indonesia
Mark,Hunt,mhuntgi@soundcloud.com,Male,Indonesia
Diane,Carr,dcarrgj@tiny.cc,Female,Philippines
Scott,Hughes,shughesgk@mayoclinic.com,Male,Kazakhstan
Jacqueline,Fox,jfoxgl@skype.com,Female,Sri Lanka
John,Butler,jbutlergm@purevolume.com,Male,Denmark
William,Stevens,wstevensgn@japanpost.jp,Male,Colombia
Ryan,Phillips,rphillipsgo@admin.ch,Male,Nigeria
Laura,Cruz,lcruzgp@home.pl,Female,Indonesia
Virginia,Carpenter,vcarpentergq@microsoft.com,Female,China
Kathy,Grant,kgrantgr@reuters.com,Female,China
Margaret,Coleman,mcolemangs@i2i.jp,Female,Bulgaria
Edward,Barnes,ebarnesgt@microsoft.com,Male,Poland
Amy,Hansen,ahansengu@technorati.com,Female,France
Paula,Franklin,pfranklingv@amazon.com,Female,Colombia
Carlos,Harvey,charveygw@github.io,Male,France
Ralph,Hamilton,rhamiltongx@sakura.ne.jp,Male,Madagascar
Evelyn,Ward,ewardgy@google.co.uk,Female,Peru
Susan,Romero,sromerogz@unc.edu,Female,Poland
Cynthia,Fowler,cfowlerh0@meetup.com,Female,North Korea
Doris,Thomas,dthomash1@jalbum.net,Female,Japan
Edward,Berry,eberryh2@vinaora.com,Male,Portugal
Donald,Brooks,dbrooksh3@pcworld.com,Male,China
Ashley,Berry,aberryh4@exblog.jp,Female,Sweden
Louis,Berry,lberryh5@npr.org,Male,United States
Andrew,Kennedy,akennedyh6@indiegogo.com,Male,Thailand
Todd,Larson,tlarsonh7@google.com.au,Male,France
Stephanie,Gonzalez,sgonzalezh8@vimeo.com,Female,Poland
Jimmy,Green,jgreenh9@multiply.com,Male,China
Ernest,Olson,eolsonha@wordpress.org,Male,Ghana
Willie,Jacobs,wjacobshb@google.es,Male,Israel
Evelyn,Jackson,ejacksonhc@accuweather.com,Female,Laos
Jennifer,Gordon,jgordonhd@creativecommons.org,Female,Indonesia
Jack,Lopez,jlopezhe@example.com,Male,China
Joe,Black,jblackhf@alibaba.com,Male,Czech Republic
Todd,Richardson,trichardsonhg@sciencedirect.com,Male,Vietnam
Daniel,Bryant,dbryanthh@paypal.com,Male,Nigeria
Steve,Stewart,sstewarthi@i2i.jp,Male,China
Cheryl,Gilbert,cgilberthj@wikispaces.com,Female,Portugal
Lawrence,Stanley,lstanleyhk@technorati.com,Male,China
Juan,Snyder,jsnyderhl@washington.edu,Male,Indonesia
Stephanie,Romero,sromerohm@imageshack.us,Female,Russia
Willie,Allen,wallenhn@guardian.co.uk,Male,Brazil
Daniel,Hawkins,dhawkinsho@simplemachines.org,Male,Azerbaijan
Ernest,Watkins,ewatkinshp@indiatimes.com,Male,China
Janet,Kennedy,jkennedyhq@baidu.com,Female,Thailand
Nicole,Taylor,ntaylorhr@amazonaws.com,Female,Macedonia
Nancy,Evans,nevanshs@jiathis.com,Female,Panama
Kathy,Watson,kwatsonht@mapy.cz,Female,Portugal
Joseph,Hall,jhallhu@adobe.com,Male,Indonesia
Bruce,Frazier,bfrazierhv@boston.com,Male,Ukraine
Teresa,Ramos,tramoshw@opensource.org,Female,United States
Mark,Shaw,mshawhx@cdbaby.com,Male,China
Irene,Kennedy,ikennedyhy@wikimedia.org,Female,Denmark
Christina,Garcia,cgarciahz@sciencedirect.com,Female,Mauritius
Lillian,Fuller,lfulleri0@miibeian.gov.cn,Female,Mauritius
Willie,Wilson,wwilsoni1@ovh.net,Male,Philippines
Chris,Pierce,cpiercei2@sourceforge.net,Male,China
Brian,Kelly,bkellyi3@zdnet.com,Male,China
Marie,Nichols,mnicholsi4@wikimedia.org,Female,Indonesia
Brian,Russell,brusselli5@senate.gov,Male,Peru
Samuel,Jones,sjonesi6@sitemeter.com,Male,Morocco
Kathleen,Dean,kdeani7@howstuffworks.com,Female,Indonesia
Betty,Peterson,bpetersoni8@microsoft.com,Female,China
Christine,Oliver,coliveri9@linkedin.com,Female,Russia
Sean,Ford,sfordia@go.com,Male,Indonesia
Teresa,Matthews,tmatthewsib@ca.gov,Female,China
Irene,Green,igreenic@geocities.com,Female,Indonesia
Edward,Hunt,ehuntid@miibeian.gov.cn,Male,United States
Joyce,Torres,jtorresie@unesco.org,Female,China
Nancy,Carter,ncarterif@163.com,Female,Brazil
Steve,Morrison,smorrisonig@jigsy.com,Male,Russia
Nicole,Sanchez,nsanchezih@gravatar.com,Female,Ukraine
Gregory,Gray,ggrayii@goo.gl,Male,Russia
Michelle,Wood,mwoodij@fema.gov,Female,Russia
Emily,Warren,ewarrenik@deviantart.com,Female,Indonesia
Carol,Gonzales,cgonzalesil@cbsnews.com,Female,Indonesia
Paul,Payne,ppayneim@amazon.com,Male,Latvia
Roy,Willis,rwillisin@mayoclinic.com,Male,China
Tina,Barnes,tbarnesio@desdev.cn,Female,Taiwan
Sharon,Ramos,sramosip@abc.net.au,Female,Indonesia
Charles,Sullivan,csullivaniq@multiply.com,Male,Kazakhstan
Christine,Burns,cburnsir@cdbaby.com,Female,Indonesia
Emily,Elliott,eelliottis@shareasale.com,Female,Sri Lanka
Joyce,Garrett,jgarrettit@ovh.net,Female,Burundi
Gary,Carter,gcarteriu@vkontakte.ru,Male,Portugal
Shirley,Berry,sberryiv@jugem.jp,Female,Netherlands
Bruce,Ferguson,bfergusoniw@yandex.ru,Male,Czech Republic
Cynthia,Ortiz,cortizix@theglobeandmail.com,Female,China
Ruth,James,rjamesiy@hatena.ne.jp,Female,Venezuela
Adam,Holmes,aholmesiz@google.fr,Male,Falkland Islands
Maria,Knight,mknightj0@msn.com,Female,Uganda
Mark,Crawford,mcrawfordj1@de.vu,Male,China
Donna,Lawson,dlawsonj2@hc360.com,Female,China
Maria,Jordan,mjordanj3@newsvine.com,Female,China
Albert,Stewart,astewartj4@ning.com,Male,Serbia
Susan,Porter,sporterj5@g.co,Female,United States
Catherine,Elliott,celliottj6@time.com,Female,Serbia
Steve,Lawrence,slawrencej7@europa.eu,Male,Indonesia
Gerald,Jenkins,gjenkinsj8@slate.com,Male,Indonesia
Doris,Johnston,djohnstonj9@guardian.co.uk,Female,Philippines
Nancy,Stephens,nstephensja@reddit.com,Female,Japan
Denise,Franklin,dfranklinjb@usatoday.com,Female,Russia
Tammy,Turner,tturnerjc@linkedin.com,Female,Pakistan
Steven,Green,sgreenjd@hibu.com,Male,Ukraine
Donna,Snyder,dsnyderje@liveinternet.ru,Female,Canada
Ernest,Lopez,elopezjf@hc360.com,Male,Tunisia
Virginia,Oliver,voliverjg@weibo.com,Female,China
Peter,Lopez,plopezjh@surveymonkey.com,Male,Indonesia
Beverly,Carpenter,bcarpenterji@mapquest.com,Female,Afghanistan
Larry,Johnson,ljohnsonjj@omniture.com,Male,China
Amanda,Thompson,athompsonjk@usa.gov,Female,Greece
Clarence,Austin,caustinjl@yellowbook.com,Male,Macedonia
Irene,Dean,ideanjm@squarespace.com,Female,Bosnia and Herzegovina
Douglas,Vasquez,dvasquezjn@auda.org.au,Male,Poland
James,Hudson,jhudsonjo@dropbox.com,Male,Poland
Harry,Olson,holsonjp@sourceforge.net,Male,Indonesia
Julia,Banks,jbanksjq@businessinsider.com,Female,Philippines
Nicholas,Jacobs,njacobsjr@tumblr.com,Male,Indonesia
Gerald,Grant,ggrantjs@dedecms.com,Male,Russia
Carl,Cook,ccookjt@senate.gov,Male,Serbia
Billy,Jordan,bjordanju@java.com,Male,Sweden
Benjamin,Butler,bbutlerjv@unicef.org,Male,Vietnam
Evelyn,Garrett,egarrettjw@reuters.com,Female,Greece
Christine,Smith,csmithjx@springer.com,Female,China
Jessica,Greene,jgreenejy@studiopress.com,Female,Sweden
Douglas,Tucker,dtuckerjz@mac.com,Male,France
Beverly,Price,bpricek0@si.edu,Female,Philippines
Lillian,Rice,lricek1@latimes.com,Female,Indonesia
Stephanie,Wells,swellsk2@mashable.com,Female,China
Arthur,Nguyen,anguyenk3@google.co.jp,Male,Greece
Robert,Sullivan,rsullivank4@house.gov,Male,Russia
Willie,Patterson,wpattersonk5@aboutads.info,Male,Japan
William,Fox,wfoxk6@eepurl.com,Male,Argentina
Victor,Young,vyoungk7@imageshack.us,Male,China
Phillip,Berry,pberryk8@joomla.org,Male,Botswana
Jeffrey,Hayes,jhayesk9@unicef.org,Male,South Africa
Jennifer,Hanson,jhansonka@csmonitor.com,Female,Sweden
Nancy,Ramos,nramoskb@samsung.com,Female,Brazil
Todd,Wallace,twallacekc@tinyurl.com,Male,Hungary
Chris,Fuller,cfullerkd@tuttocitta.it,Male,Brazil
Fred,Price,fpriceke@seattletimes.com,Male,South Africa
Joseph,Weaver,jweaverkf@ycombinator.com,Male,Canada
Richard,Allen,rallenkg@businessweek.com,Male,Vietnam
Willie,Rodriguez,wrodriguezkh@bing.com,Male,Russia
Shirley,Morrison,smorrisonki@simplemachines.org,Female,Macedonia
Larry,Wilson,lwilsonkj@ucsd.edu,Male,Cameroon
Ronald,Robertson,rrobertsonkk@barnesandnoble.com,Male,Bermuda
Melissa,Murphy,mmurphykl@sakura.ne.jp,Female,Philippines
Nicole,Wilson,nwilsonkm@wufoo.com,Female,Portugal
Diane,Pierce,dpiercekn@bloglovin.com,Female,Bulgaria
John,Berry,jberryko@soundcloud.com,Male,Russia
Martha,Myers,mmyerskp@pinterest.com,Female,United States
Amanda,Johnston,ajohnstonkq@netlog.com,Female,Russia
Raymond,Wells,rwellskr@fc2.com,Male,Philippines
Heather,Gonzalez,hgonzalezks@yellowpages.com,Female,Bosnia and Herzegovina
Jessica,Davis,jdaviskt@youtube.com,Female,Russia
Steven,Palmer,spalmerku@cbc.ca,Male,Afghanistan
Dorothy,Reed,dreedkv@taobao.com,Female,Armenia
Theresa,Boyd,tboydkw@webnode.com,Female,Indonesia
Cheryl,Hart,chartkx@google.com.hk,Female,Ireland
Kelly,Rice,kriceky@stumbleupon.com,Female,Japan
Irene,Watson,iwatsonkz@forbes.com,Female,Czech Republic
Lisa,Olson,lolsonl0@drupal.org,Female,Mauritius
Julie,Johnson,jjohnsonl1@craigslist.org,Female,China
Jose,Jenkins,jjenkinsl2@angelfire.com,Male,Pakistan
Doris,Freeman,dfreemanl3@forbes.com,Female,China
Lori,Mendoza,lmendozal4@china.com.cn,Female,Sweden
Amanda,Watkins,awatkinsl5@wufoo.com,Female,Indonesia
George,Gardner,ggardnerl6@reddit.com,Male,Japan
Fred,Robertson,frobertsonl7@msu.edu,Male,Portugal
Justin,Boyd,jboydl8@uiuc.edu,Male,Ukraine
Norma,Moreno,nmorenol9@wix.com,Female,Palestinian Territory
Christina,Montgomery,cmontgomeryla@squarespace.com,Female,Poland
Kelly,Gordon,kgordonlb@over-blog.com,Female,Tajikistan
Marilyn,Boyd,mboydlc@furl.net,Female,Kazakhstan
Stephanie,Barnes,sbarnesld@gmpg.org,Female,China
Stephanie,Johnston,sjohnstonle@ed.gov,Female,Sweden
Arthur,Rice,aricelf@usgs.gov,Male,Germany
Wayne,Powell,wpowelllg@columbia.edu,Male,Libya
Johnny,Perry,jperrylh@bbc.co.uk,Male,Philippines
Paul,Miller,pmillerli@elegantthemes.com,Male,Republic of the Congo
Adam,Price,apricelj@angelfire.com,Male,China
Jeremy,Cooper,jcooperlk@hostgator.com,Male,Brazil
Benjamin,Lawson,blawsonll@geocities.com,Male,China
Helen,Watkins,hwatkinslm@indiatimes.com,Female,El Salvador
Jason,Taylor,jtaylorln@cbc.ca,Male,Norway
Teresa,Diaz,tdiazlo@yolasite.com,Female,China
Andrew,Brooks,abrookslp@deviantart.com,Male,China
George,Allen,gallenlq@google.ru,Male,Russia
Nicole,Murray,nmurraylr@rambler.ru,Female,Costa Rica
Betty,Ramos,bramosls@behance.net,Female,China
Anthony,Schmidt,aschmidtlt@mapy.cz,Male,China
Ruby,Sullivan,rsullivanlu@seesaa.net,Female,Malaysia
Paula,Meyer,pmeyerlv@xing.com,Female,Nicaragua
Joe,Bishop,jbishoplw@dagondesign.com,Male,Japan
Pamela,Sanchez,psanchezlx@latimes.com,Female,China
Bonnie,Fowler,bfowlerly@bbc.co.uk,Female,Philippines
Alan,Morris,amorrislz@feedburner.com,Male,Indonesia
Ruth,Reynolds,rreynoldsm0@hostgator.com,Female,France
Jimmy,Murray,jmurraym1@facebook.com,Male,Ukraine
Beverly,Hanson,bhansonm2@cdbaby.com,Female,Malaysia
Denise,Stanley,dstanleym3@example.com,Female,Japan
Virginia,Fernandez,vfernandezm4@mayoclinic.com,Female,Japan
Phillip,Lopez,plopezm5@slideshare.net,Male,Argentina
Janice,Washington,jwashingtonm6@rediff.com,Female,Philippines
Christopher,Burns,cburnsm7@nih.gov,Male,Philippines
Daniel,Stevens,dstevensm8@fema.gov,Male,Palestinian Territory
Christina,Jenkins,cjenkinsm9@hud.gov,Female,France
Phillip,Lee,pleema@ox.ac.uk,Male,Nigeria
Irene,Wood,iwoodmb@huffingtonpost.com,Female,France
Robert,Ryan,rryanmc@shop-pro.jp,Male,China
Sarah,Sanders,ssandersmd@aboutads.info,Female,Australia
Michelle,Fox,mfoxme@china.com.cn,Female,China
Lisa,Fowler,lfowlermf@cdc.gov,Female,Ukraine
Ernest,Myers,emyersmg@samsung.com,Male,Madagascar
Russell,Fields,rfieldsmh@omniture.com,Male,Indonesia
Johnny,Hart,jhartmi@amazon.co.uk,Male,Indonesia
Harold,Chapman,hchapmanmj@toplist.cz,Male,Poland
Annie,Freeman,afreemanmk@dropbox.com,Female,Indonesia
Patrick,Martinez,pmartinezml@4shared.com,Male,Indonesia
Antonio,Bishop,abishopmm@google.it,Male,China
Marilyn,Garza,mgarzamn@paginegialle.it,Female,Brazil
Katherine,Lawrence,klawrencemo@mapquest.com,Female,Iran
Rebecca,Greene,rgreenemp@biblegateway.com,Female,Argentina
Lawrence,Nguyen,lnguyenmq@mashable.com,Male,Argentina
Benjamin,Fernandez,bfernandezmr@imageshack.us,Male,Russia
Roy,Garcia,rgarciams@cdc.gov,Male,Antigua and Barbuda
Benjamin,Porter,bportermt@blogspot.com,Male,Colombia
Johnny,Edwards,jedwardsmu@uol.com.br,Male,Palestinian Territory
Jacqueline,Fernandez,jfernandezmv@google.com.hk,Female,Russia
Cynthia,Mccoy,cmccoymw@prweb.com,Female,Russia
Ralph,Daniels,rdanielsmx@ameblo.jp,Male,Sweden
Richard,Fisher,rfishermy@census.gov,Male,China
Eric,Rose,erosemz@51.la,Male,Mexico
Nicole,Howell,nhowelln0@eventbrite.com,Female,Portugal
Patrick,Ryan,pryann1@cloudflare.com,Male,Philippines
Ernest,Walker,ewalkern2@liveinternet.ru,Male,Ireland
Amanda,Russell,arusselln3@independent.co.uk,Female,Morocco
Mark,Frazier,mfraziern4@so-net.ne.jp,Male,Brazil
Raymond,Boyd,rboydn5@virginia.edu,Male,Indonesia
Linda,Hansen,lhansenn6@state.tx.us,Female,Mexico
Jesse,Dean,jdeann7@examiner.com,Male,Mauritius
Clarence,Stone,cstonen8@bigcartel.com,Male,South Korea
Joseph,Walker,jwalkern9@tamu.edu,Male,Argentina
Alan,Hernandez,ahernandezna@fotki.com,Male,Peru
Eric,West,ewestnb@huffingtonpost.com,Male,Azerbaijan
Nancy,Gutierrez,ngutierreznc@netvibes.com,Female,Russia
Eric,Fields,efieldsnd@cbc.ca,Male,China
Keith,Dunn,kdunnne@flickr.com,Male,China
Fred,Thompson,fthompsonnf@nhs.uk,Male,France
Ann,Burns,aburnsng@freewebs.com,Female,China
Alan,Chavez,achaveznh@plala.or.jp,Male,Poland
Robert,Davis,rdavisni@ibm.com,Male,Cape Verde
Jeffrey,Ferguson,jfergusonnj@posterous.com,Male,Sweden
Roger,Gilbert,rgilbertnk@nba.com,Male,Argentina
Walter,Cruz,wcruznl@ucsd.edu,Male,China
Justin,Hawkins,jhawkinsnm@telegraph.co.uk,Male,France
Kathy,Cruz,kcruznn@gizmodo.com,Female,Venezuela
Christina,Richardson,crichardsonno@free.fr,Female,Japan
Michael,Perez,mpereznp@artisteer.com,Male,China
David,Graham,dgrahamnq@ucsd.edu,Male,Russia
Benjamin,Andrews,bandrewsnr@altervista.org,Male,Indonesia
Andrea,Castillo,acastillons@trellian.com,Female,Indonesia
Laura,Phillips,lphillipsnt@engadget.com,Female,Russia
Eric,Castillo,ecastillonu@vistaprint.com,Male,Indonesia
Kathryn,Hart,khartnv@godaddy.com,Female,China
Henry,Morales,hmoralesnw@blogspot.com,Male,Afghanistan
Eugene,Rivera,eriveranx@dion.ne.jp,Male,Indonesia
Keith,Johnson,kjohnsonny@de.vu,Male,Belgium
Rose,Wood,rwoodnz@google.com,Female,Poland
Susan,Hill,shillo0@ibm.com,Female,Brazil
Mark,Torres,mtorreso1@army.mil,Male,Philippines
Jose,Coleman,jcolemano2@epa.gov,Male,China
Jerry,Greene,jgreeneo3@myspace.com,Male,Brazil
Steve,Woods,swoodso4@netlog.com,Male,Indonesia
Katherine,Mills,kmillso5@cnn.com,Female,China
Cheryl,Mills,cmillso6@github.io,Female,Indonesia
Steve,West,swesto7@seattletimes.com,Male,Philippines
Russell,Wagner,rwagnero8@i2i.jp,Male,Albania
Melissa,Rivera,mriverao9@etsy.com,Female,Czech Republic
Norma,Robinson,nrobinsonoa@google.com.au,Female,Sweden
Janet,Austin,jaustinob@sogou.com,Female,Indonesia
Rachel,Gardner,rgardneroc@home.pl,Female,Indonesia
Cynthia,Pierce,cpierceod@scribd.com,Female,Micronesia
Marie,Scott,mscottoe@wunderground.com,Female,South Africa
Russell,Wilson,rwilsonof@bloglines.com,Male,Philippines
Joseph,Lynch,jlynchog@mail.ru,Male,Philippines
Ronald,Thompson,rthompsonoh@gov.uk,Male,Poland
Mark,Moreno,mmorenooi@ezinearticles.com,Male,Indonesia
Nancy,Little,nlittleoj@adobe.com,Female,Sweden
George,Lawson,glawsonok@businesswire.com,Male,China
Jonathan,Reid,jreidol@ebay.co.uk,Male,China
Peter,Welch,pwelchom@dmoz.org,Male,China
Jerry,Jackson,jjacksonon@4shared.com,Male,France
Phillip,Little,plittleoo@newsvine.com,Male,United States
Tina,Elliott,telliottop@discovery.com,Female,China
Wayne,Henry,whenryoq@hostgator.com,Male,France
Edward,Powell,epowellor@deviantart.com,Male,Philippines
Paula,White,pwhiteos@apple.com,Female,Syria
Kathryn,Daniels,kdanielsot@tinypic.com,Female,Croatia
Lillian,Lewis,llewisou@google.ru,Female,Philippines
Bruce,Carroll,bcarrollov@bluehost.com,Male,Russia
Joshua,Reyes,jreyesow@mozilla.org,Male,Brazil
Jessica,Gordon,jgordonox@forbes.com,Female,China
Rebecca,Ramos,rramosoy@google.cn,Female,Philippines
Justin,Adams,jadamsoz@biglobe.ne.jp,Male,Micronesia
Martha,Greene,mgreenep0@sciencedaily.com,Female,Mexico
Karen,Anderson,kandersonp1@comsenz.com,Female,Russia
Arthur,Jackson,ajacksonp2@alexa.com,Male,Portugal
John,Peters,jpetersp3@rakuten.co.jp,Male,Indonesia
Ernest,Wood,ewoodp4@multiply.com,Male,Russia
Joyce,Kim,jkimp5@tripod.com,Female,Cuba
Beverly,Simmons,bsimmonsp6@adobe.com,Female,Costa Rica
Elizabeth,Ruiz,eruizp7@bravesites.com,Female,Colombia
Steve,Fisher,sfisherp8@ihg.com,Male,Portugal
Douglas,Rice,dricep9@imdb.com,Male,Russia
Janice,Gardner,jgardnerpa@nhs.uk,Female,Costa Rica
Louis,Powell,lpowellpb@yelp.com,Male,Chile
Amanda,Fisher,afisherpc@bloomberg.com,Female,Philippines
Angela,Hernandez,ahernandezpd@tinypic.com,Female,Nepal
George,Mills,gmillspe@fema.gov,Male,Russia
Jonathan,Knight,jknightpf@pagesperso-orange.fr,Male,China
Donna,Hernandez,dhernandezpg@xrea.com,Female,China
Kevin,Rogers,krogersph@sourceforge.net,Male,China
Lawrence,Castillo,lcastillopi@storify.com,Male,Iran
Beverly,Harrison,bharrisonpj@chronoengine.com,Female,China
Alan,Henderson,ahendersonpk@yale.edu,Male,Thailand
Steve,Lawson,slawsonpl@cnn.com,Male,China
Michelle,Ward,mwardpm@netvibes.com,Female,China
Teresa,Franklin,tfranklinpn@fda.gov,Female,China
Amy,Fuller,afullerpo@google.ca,Female,Russia
James,White,jwhitepp@forbes.com,Male,United States
Joe,Chavez,jchavezpq@bbb.org,Male,Indonesia
Jeffrey,Miller,jmillerpr@imgur.com,Male,Portugal
Andrew,Dean,adeanps@live.com,Male,Japan
Steve,Peterson,spetersonpt@constantcontact.com,Male,China
Marie,Oliver,moliverpu@tinypic.com,Female,Nepal
Rebecca,Ward,rwardpv@businessinsider.com,Female,China
Laura,Diaz,ldiazpw@skyrock.com,Female,Portugal
Lois,Edwards,ledwardspx@weibo.com,Female,Russia
Lawrence,Mitchell,lmitchellpy@arizona.edu,Male,Thailand
Lawrence,Riley,lrileypz@java.com,Male,Canada
Barbara,Walker,bwalkerq0@delicious.com,Female,Russia
Andrew,Perry,aperryq1@msn.com,Male,Vietnam
Joe,Parker,jparkerq2@e-recht24.de,Male,Brazil
Sandra,Reid,sreidq3@merriam-webster.com,Female,Portugal
Bruce,Rose,broseq4@oracle.com,Male,Indonesia
Melissa,Long,mlongq5@miitbeian.gov.cn,Female,Slovenia
Laura,Bryant,lbryantq6@time.com,Female,Sierra Leone
Jennifer,Richards,jrichardsq7@jugem.jp,Female,Indonesia
Melissa,Morris,mmorrisq8@va.gov,Female,Portugal
Wayne,Ramos,wramosq9@ehow.com,Male,China
Harry,Carroll,hcarrollqa@nifty.com,Male,Russia
Lori,Carr,lcarrqb@php.net,Female,China
James,Price,jpriceqc@eventbrite.com,Male,France
Karen,Payne,kpayneqd@shop-pro.jp,Female,Poland
Jack,Hayes,jhayesqe@fc2.com,Male,Greece
Irene,George,igeorgeqf@sciencedirect.com,Female,China
Virginia,Scott,vscottqg@gov.uk,Female,Indonesia
Joseph,Gardner,jgardnerqh@sciencedirect.com,Male,Lithuania
Julie,Johnson,jjohnsonqi@soundcloud.com,Female,France
John,Dean,jdeanqj@photobucket.com,Male,China
Teresa,Thomas,tthomasqk@weather.com,Female,Cuba
Jose,Gutierrez,jgutierrezql@sina.com.cn,Male,France
Julia,Bennett,jbennettqm@yelp.com,Female,Ecuador
Jeffrey,Hernandez,jhernandezqn@earthlink.net,Male,Brazil
Arthur,Gibson,agibsonqo@storify.com,Male,Peru
Arthur,Richards,arichardsqp@com.com,Male,China
Jeffrey,Washington,jwashingtonqq@live.com,Male,Netherlands
Kathryn,Moreno,kmorenoqr@senate.gov,Female,China
Teresa,Williams,twilliamsqs@salon.com,Female,Portugal
Ruth,Sims,rsimsqt@shop-pro.jp,Female,Nigeria
Phillip,Morgan,pmorganqu@ted.com,Male,Peru
Bruce,Young,byoungqv@ocn.ne.jp,Male,Philippines
George,Hunter,ghunterqw@twitter.com,Male,China
Marilyn,Harper,mharperqx@jugem.jp,Female,Ireland
Steve,Holmes,sholmesqy@foxnews.com,Male,Malaysia
Evelyn,Murray,emurrayqz@hatena.ne.jp,Female,Peru
Scott,Johnson,sjohnsonr0@facebook.com,Male,China
Gary,Fernandez,gfernandezr1@reddit.com,Male,Norway
Justin,Thomas,jthomasr2@goodreads.com,Male,Indonesia
Joyce,Ruiz,jruizr3@github.io,Female,Philippines
Aaron,Collins,acollinsr4@mozilla.org,Male,Russia
Robin,Carter,rcarterr5@bbb.org,Female,Indonesia
George,Barnes,gbarnesr6@plala.or.jp,Male,China
Kevin,Jordan,kjordanr7@simplemachines.org,Male,Czech Republic
Evelyn,Lee,eleer8@webmd.com,Female,Egypt
Heather,Andrews,handrewsr9@mapy.cz,Female,Poland
Daniel,Hill,dhillra@epa.gov,Male,Philippines
Joan,Scott,jscottrb@digg.com,Female,Russia
Gloria,Watkins,gwatkinsrc@scribd.com,Female,Thailand
Antonio,Porter,aporterrd@businessinsider.com,Male,Philippines
Christina,Tucker,ctuckerre@amazon.com,Female,Bangladesh
Rebecca,Armstrong,rarmstrongrf@prnewswire.com,Female,Portugal
Alan,Collins,acollinsrg@jalbum.net,Male,Indonesia
Rose,Reid,rreidrh@multiply.com,Female,South Africa
Todd,Ward,twardri@newsvine.com,Male,France
Jean,Black,jblackrj@gmpg.org,Female,Uganda
Kathleen,Phillips,kphillipsrk@dmoz.org,Female,Saint Lucia
Brandon,Cox,bcoxrl@cdc.gov,Male,Philippines
Frank,Morris,fmorrisrm@netlog.com,Male,China
Michelle,Rose,mrosern@blogger.com,Female,China
Ernest,Henry,ehenryro@tuttocitta.it,Male,Philippines
Anne,Harper,aharperrp@usgs.gov,Female,Portugal
Kathy,Cooper,kcooperrq@goodreads.com,Female,Japan
Karen,Shaw,kshawrr@ustream.tv,,Brazil
